X,Y,Z,formation_id,formation
-691980.0154,4543461.256,198.17201,40,Upper Devonian Siliciclastics
-691492.5053,4543836.454,209.73502,40,Upper Devonian Siliciclastics
-704449.2663,4530437.708,357.99902,67,Visean Shales
-704939.6708,4530522.235,344.596,67,Visean Shales
-690980.3922,4543732.939,231.684,40,Upper Devonian Siliciclastics
-690627.8183,4543935.926,237.55402,40,Upper Devonian Siliciclastics
-683954.2147,4547973.498,383.03802,1,Tournaisian Plutonites
-684095.9548,4548418.613,391.096,1,Tournaisian Plutonites
-684336.728,4548705.14,398.29602,1,Tournaisian Plutonites
-684160.4173,4549146.565,340.23203,1,Tournaisian Plutonites
-683697.5061,4549252.018,325.871,1,Tournaisian Plutonites
-683232.2298,4549146.567,335.264,1,Tournaisian Plutonites
-683078.348,4548838.001,290.928,1,Tournaisian Plutonites
-683268.1948,4548392.326,332.815,1,Tournaisian Plutonites
-683580.561,4548001.946,353.23203,1,Tournaisian Plutonites
-689997.3733,4544049.417,273.901,1,Tournaisian Plutonites
-683986.3606,4529297.965,293.588,1,Tournaisian Plutonites
-684308.8923,4529679.892,252.18001,1,Tournaisian Plutonites
-684650.3611,4529945.841,218.44,1,Tournaisian Plutonites
-685128.0348,4529811.737,272.388,1,Tournaisian Plutonites
-685611.5337,4529744.997,349.68402,1,Tournaisian Plutonites
-686085.0519,4529859.868,344.2,1,Tournaisian Plutonites
-686580.8683,4529912.797,327.704,1,Tournaisian Plutonites
-687076.5824,4529976.861,311.43503,1,Tournaisian Plutonites
-687564.418,4530073.385,309.99503,1,Tournaisian Plutonites
-688044.6824,4530155.485,279.678,1,Tournaisian Plutonites
-688535.8322,4530188.911,266.901,1,Tournaisian Plutonites
-688890.5728,4530506.876,316.652,1,Tournaisian Plutonites
-689300.3678,4530782.227,328.5465,1,Tournaisian Plutonites
-689746.0709,4531004.403,307.40802,1,Tournaisian Plutonites
-690236.4809,4531059.534,327.24902,1,Tournaisian Plutonites
-690714.5086,4531192.412,310.536,1,Tournaisian Plutonites
-691166.5684,4531403.804,305.40802,1,Tournaisian Plutonites
-691654.4577,4531483.622,311.61203,1,Tournaisian Plutonites
-692149.3129,4531545.556,263.58002,1,Tournaisian Plutonites
-692648.624,4531565.669,242.852,1,Tournaisian Plutonites
-693145.4736,4531541.8,242.264,1,Tournaisian Plutonites
-693623.8676,4531681.553,221.17902,1,Tournaisian Plutonites
-693960.3446,4532027.301,252.16402,1,Tournaisian Plutonites
-694398.7135,4532193.642,256.204,1,Tournaisian Plutonites
-694874.5629,4532137.708,218.61201,1,Tournaisian Plutonites
-695514.0349,4532326.199,221.36401,1,Tournaisian Plutonites
-695962.948,4532427.265,222.84001,1,Tournaisian Plutonites
-695834.536,4533462.106,264.92,1,Tournaisian Plutonites
-695451.7022,4533141.875,259.50803,1,Tournaisian Plutonites
-694975.6009,4533012.698,290.6875,1,Tournaisian Plutonites
-694607.9806,4532677.499,306.444,1,Tournaisian Plutonites
-693359.698,4532112.148,249.63202,1,Tournaisian Plutonites
-692860.8121,4532105.345,271.388,1,Tournaisian Plutonites
-692369.762,4532058.006,261.948,1,Tournaisian Plutonites
-691933.1818,4532292.172,283.056,1,Tournaisian Plutonites
-691466.5601,4532440.99,273.752,1,Tournaisian Plutonites
-691017.3445,4532658.813,192.85501,1,Tournaisian Plutonites
-690552.0793,4532841.007,161.70801,40,Upper Devonian Siliciclastics
-689956.0096,4532835.229,159.08301,40,Upper Devonian Siliciclastics
-689458.202,4532788.868,162.41,40,Upper Devonian Siliciclastics
-688972.782,4532617.343,155.52402,40,Upper Devonian Siliciclastics
-688464.3794,4532495.684,155.50601,40,Upper Devonian Siliciclastics
-688602.5873,4532916.478,155.50401,40,Upper Devonian Siliciclastics
-688185.628,4533138.497,152.488,40,Upper Devonian Siliciclastics
-687747.0735,4533241.628,117.824005,40,Upper Devonian Siliciclastics
-687096.9525,4533162.179,107.198006,40,Upper Devonian Siliciclastics
-686600.0286,4533210.149,119.02901,40,Upper Devonian Siliciclastics
-686105.5515,4533271.03,202.774,40,Upper Devonian Siliciclastics
-686178.0328,4532703.394,186.44301,1,Tournaisian Plutonites
-686428.7041,4532273.663,141.246,1,Tournaisian Plutonites
-686321.5574,4531865.79,160.852,1,Tournaisian Plutonites
-685967.7383,4531512.526,167.28601,1,Tournaisian Plutonites
-685508.9892,4531382.22,196.216,1,Tournaisian Plutonites
-685103.0376,4531124.04,272.864,1,Tournaisian Plutonites
-684626.9198,4531083.342,254.33202,1,Tournaisian Plutonites
-684186.5916,4531110.203,220.44402,1,Tournaisian Plutonites
-683746.8837,4531268.651,217.29001,1,Tournaisian Plutonites
-683292.5171,4531089.672,212.68001,1,Tournaisian Plutonites
-682803.4029,4531183.793,245.98401,1,Tournaisian Plutonites
-682345.1182,4531031.425,219.06801,1,Tournaisian Plutonites
-681889.0925,4530921.647,194.936,1,Tournaisian Plutonites
-681472.447,4530770.106,182.155,1,Tournaisian Plutonites
-680990.4433,4530664.179,165.81601,1,Tournaisian Plutonites
-680540.7413,4530531.739,134.133,1,Tournaisian Plutonites
-684053.6646,4530371.507,168.74,1,Tournaisian Plutonites
-683693.9018,4530497.257,162.42801,1,Tournaisian Plutonites
-703428.4701,4530697.017,365.9175,67,Visean Shales
-703879.8463,4530777.386,345.768,67,Visean Shales
-704366.273,4530886.239,328.976,67,Visean Shales
-704816.3053,4531095.302,318.276,67,Visean Shales
-703096.2481,4530753.515,400.72003,67,Visean Shales
-702601.0043,4530793.719,363.62802,67,Visean Shales
-700077.2211,4544308.012,295.30103,1,Tournaisian Plutonites
-699648.3348,4544261.984,270.652,1,Tournaisian Plutonites
-699156.6951,4544191.405,298.256,1,Tournaisian Plutonites
-698662.1622,4544129.041,263.68402,1,Tournaisian Plutonites
-698225.9742,4543888.846,226.044,1,Tournaisian Plutonites
-697734.569,4543804.661,217.076,1,Tournaisian Plutonites
-697256.8926,4543672.133,209.348,1,Tournaisian Plutonites
-696780.3363,4543545.082,204.60802,1,Tournaisian Plutonites
-696292.9616,4543439.503,158.699,1,Tournaisian Plutonites
-694189.8185,4543352.934,155.5,1,Tournaisian Plutonites
-693921.1584,4543073.727,155.5,1,Tournaisian Plutonites
-691194.2158,4537454.232,156.27701,1,Tournaisian Plutonites
-691960.7139,4538000.157,253.309,1,Tournaisian Plutonites
-692454.8226,4538041.888,293.26102,1,Tournaisian Plutonites
-692884.1639,4538207.907,321.07602,1,Tournaisian Plutonites
-693327.0617,4538249.786,320.29126,1,Tournaisian Plutonites
-693806.0885,4538128.946,354.148,1,Tournaisian Plutonites
-694249.9116,4537914.417,344.50803,1,Tournaisian Plutonites
-694704.6161,4537713.971,365.096,1,Tournaisian Plutonites
-695104.5061,4537522.108,325.673,1,Tournaisian Plutonites
-695372.2705,4537184.344,318.54303,1,Tournaisian Plutonites
-695638.6407,4536769.1,336.125,1,Tournaisian Plutonites
-695595.7131,4536353.853,311.39703,1,Tournaisian Plutonites
-695255.5379,4536092.712,314.26,1,Tournaisian Plutonites
-694797.0486,4535959.564,287.57602,1,Tournaisian Plutonites
-694461.5127,4535617.948,316.488,1,Tournaisian Plutonites
-694138.7077,4535505.483,290.0635,1,Tournaisian Plutonites
-693839.5605,4535290.557,275.242,1,Tournaisian Plutonites
-693488.8846,4535065.603,278.78403,1,Tournaisian Plutonites
-693047.2268,4535227.619,274.66403,1,Tournaisian Plutonites
-692722.1487,4534966.097,288.40802,1,Tournaisian Plutonites
-692416.7793,4534570.181,343.77203,1,Tournaisian Plutonites
-692126.3707,4534163.468,343.69403,1,Tournaisian Plutonites
-691835.3299,4533757.228,348.592,1,Tournaisian Plutonites
-691401.4688,4533928.862,332.63025,1,Tournaisian Plutonites
-691131.7289,4533599.227,299.256,1,Tournaisian Plutonites
-691184.1855,4533132.372,311.4205,1,Tournaisian Plutonites
-693673.2068,4532171.64,242.70001,1,Tournaisian Plutonites
-696424.1172,4533922.696,235.436,1,Tournaisian Plutonites
-696878.1487,4533956.548,237.932,1,Tournaisian Plutonites
-703848.8778,4537799.106,330.984,51,Upper Carboniferous Volcanics
-703474.9497,4537531.724,302.95,51,Upper Carboniferous Volcanics
-703029.8626,4537306.469,287.36102,51,Upper Carboniferous Volcanics
-703682.7847,4538073.948,310.42978,51,Upper Carboniferous Volcanics
-702331.4269,4536709.276,267.004,51,Upper Carboniferous Volcanics
-698476.8321,4533922.542,275.60202,1,Tournaisian Plutonites
-698066.287,4533637.153,287.57602,1,Tournaisian Plutonites
-697656.5369,4533350.622,264.885,1,Tournaisian Plutonites
-697238.2871,4533076.638,280.52902,1,Tournaisian Plutonites
-696812.1267,4532815.906,254.16975,1,Tournaisian Plutonites
-696368.1901,4532585.972,247.46,1,Tournaisian Plutonites
-694833.3878,4531125.784,229.48901,51,Upper Carboniferous Volcanics
-695329.2654,4531133.104,243.51501,51,Upper Carboniferous Volcanics
-695823.1938,4531056.21,261.83902,51,Upper Carboniferous Volcanics
-696319.3789,4531001.525,265.476,51,Upper Carboniferous Volcanics
-696814.786,4530944.271,284.076,51,Upper Carboniferous Volcanics
-697313.0973,4530973.659,304.63202,67,Visean Shales
-697812.1124,4530947.922,360.88,67,Visean Shales
-698308.0448,4530888.095,379.24002,51,Upper Carboniferous Volcanics
-698792.7946,4530772.191,392.35202,51,Upper Carboniferous Volcanics
-699270.0347,4530626.987,388.68903,51,Upper Carboniferous Volcanics
-699759.6756,4530704.723,416.212,67,Visean Shales
-700256.3951,4530726.321,396.73602,67,Visean Shales
-700746.827,4530650.589,350.855,51,Upper Carboniferous Volcanics
-701244.9553,4530667.802,383.92902,51,Upper Carboniferous Volcanics
-701741.9133,4530676.593,366.61603,51,Upper Carboniferous Volcanics
-702239.652,4530673.533,338.642,51,Upper Carboniferous Volcanics
-706486.3588,4536644.742,397.61526,51,Upper Carboniferous Volcanics
-706247.951,4537070.961,354.01102,51,Upper Carboniferous Volcanics
-706650.3605,4537088.874,354.67603,51,Upper Carboniferous Volcanics
-707104.963,4537062.635,344.07202,51,Upper Carboniferous Volcanics
-706503.1075,4538666.88,416.385,1,Tournaisian Plutonites
-707283.6998,4544603.236,454.51703,1,Tournaisian Plutonites
-706799.5042,4544714.735,480.86002,1,Tournaisian Plutonites
-706395.0062,4544771.911,436.652,1,Tournaisian Plutonites
-705917.6838,4544821.993,360.52402,1,Tournaisian Plutonites
-707496.7607,4548042.601,408.74802,76,Mid Carboniferous Shales
-707067.5464,4548208.701,414.06403,76,Mid Carboniferous Shales
-706581.3439,4548102.438,401.252,76,Mid Carboniferous Shales
-706714.4854,4548513.893,355.48,76,Mid Carboniferous Shales
-707212.9775,4548519.61,414.92,76,Mid Carboniferous Shales
-706447.3818,4548781.148,361.96002,51,Upper Carboniferous Volcanics
-705958.6401,4548689.011,351.38,76,Mid Carboniferous Shales
-705608.8944,4548592.445,361.398,76,Mid Carboniferous Shales
-705359.028,4548251.517,362.66452,76,Mid Carboniferous Shales
-705003.2863,4548046.755,380.756,76,Mid Carboniferous Shales
-704875.035,4547579.309,421.46603,1,Tournaisian Plutonites
-704767.0467,4547106.989,504.56003,1,Tournaisian Plutonites
-704498.0443,4546881.235,440.05603,1,Tournaisian Plutonites
-704174.0618,4546597.452,483.34302,1,Tournaisian Plutonites
-704083.3032,4546108.668,455.78802,1,Tournaisian Plutonites
-704455.175,4545863.069,444.144,1,Tournaisian Plutonites
-704857.4056,4545864.52,451.092,1,Tournaisian Plutonites
-705344.243,4545762.444,458.47003,1,Tournaisian Plutonites
-705294.4668,4545406.923,417.26,1,Tournaisian Plutonites
-704888.0236,4545535.491,436.528,1,Tournaisian Plutonites
-703995.9492,4545504.684,408.60403,1,Tournaisian Plutonites
-703527.1657,4545375.637,399.12802,1,Tournaisian Plutonites
-703170.4203,4545174.539,389.02402,1,Tournaisian Plutonites
-702682.1029,4545175.186,377.544,1,Tournaisian Plutonites
-702200.7493,4545068.035,373.028,1,Tournaisian Plutonites
-703108.7456,4544841.321,381.92,1,Tournaisian Plutonites
-702857.7503,4544408.891,381.56802,1,Tournaisian Plutonites
-702589.6363,4543986.937,355.204,1,Tournaisian Plutonites
-702366.0665,4543541.796,389.868,1,Tournaisian Plutonites
-702437.0053,4543104.854,408.72003,1,Tournaisian Plutonites
-702359.1425,4542614.687,378.66803,1,Tournaisian Plutonites
-701976.2189,4542405.777,371.23602,1,Tournaisian Plutonites
-701562.3838,4542654.983,387.76102,1,Tournaisian Plutonites
-701275.9561,4543055.162,391.337,1,Tournaisian Plutonites
-701044.5068,4543493.05,365.89203,1,Tournaisian Plutonites
-700958.4012,4543982.578,323.19202,1,Tournaisian Plutonites
-700664.515,4544286.822,306.372,1,Tournaisian Plutonites
-705805.3286,4538926.342,348.7,1,Tournaisian Plutonites
-706124.4244,4538530.485,381.196,1,Tournaisian Plutonites
-705642.8531,4538461.215,354.63602,1,Tournaisian Plutonites
-705475.8312,4537174.965,362.52402,51,Upper Carboniferous Volcanics
-693677.7971,4542550.615,158.56201,1,Tournaisian Plutonites
-693366.3837,4542830.098,183.628,1,Tournaisian Plutonites
-693078.494,4542492.487,178.688,1,Tournaisian Plutonites
-692758.8575,4542108.31,219.38802,1,Tournaisian Plutonites
-692429.1722,4541732.403,218.768,1,Tournaisian Plutonites
-692092.9617,4541362.318,205.604,1,Tournaisian Plutonites
-691659.779,4541244.695,225.46,1,Tournaisian Plutonites
-691236.922,4541271.48,248.77602,1,Tournaisian Plutonites
-690738.2805,4541247.076,298.58102,1,Tournaisian Plutonites
-690271.7882,4541098.176,328.39603,1,Tournaisian Plutonites
-689807.8941,4540942.091,303.6,1,Tournaisian Plutonites
-689443.8148,4540602.482,273.539,1,Tournaisian Plutonites
-688957.6699,4540603.945,286.604,1,Tournaisian Plutonites
-688468.4169,4540514.418,301.40002,1,Tournaisian Plutonites
-687986.7862,4540568.547,326.84003,1,Tournaisian Plutonites
-687627.8414,4540913.735,332.33627,1,Tournaisian Plutonites
-687179.3021,4541115.91,328.74,1,Tournaisian Plutonites
-686690.0223,4541190.981,340.94403,1,Tournaisian Plutonites
-686453.1347,4540786.15,351.74402,1,Tournaisian Plutonites
-686599.9649,4540323.325,356.653,1,Tournaisian Plutonites
-686605.2203,4539837.927,364.56302,1,Tournaisian Plutonites
-686498.1603,4539351.024,384.432,1,Tournaisian Plutonites
-686370.9651,4538875.176,323.096,1,Tournaisian Plutonites
-686042.8574,4538524.609,304.256,1,Tournaisian Plutonites
-685892.7451,4538108.479,305.984,1,Tournaisian Plutonites
-686294.5177,4537876.642,347.52002,1,Tournaisian Plutonites
-686787.441,4537866.095,304.332,1,Tournaisian Plutonites
-687215.8561,4537790.029,317.23303,1,Tournaisian Plutonites
-687673.8837,4537939.933,316.996,1,Tournaisian Plutonites
-688152.6572,4537896.398,322.372,1,Tournaisian Plutonites
-688610.9904,4537948.458,367.316,1,Tournaisian Plutonites
-689034.1242,4538205.114,352.032,1,Tournaisian Plutonites
-689486.3018,4538374.25,331.14,1,Tournaisian Plutonites
-689881.679,4538108.953,407.036,1,Tournaisian Plutonites
-690040.3266,4537653.224,329.148,1,Tournaisian Plutonites
-690409.4621,4537323.81,210.964,1,Tournaisian Plutonites
-690793.6534,4537209.24,163.82301,1,Tournaisian Plutonites
-683310.7416,4533052.886,168.56702,1,Tournaisian Plutonites
-679251.6282,4540412.328,268.766,1,Tournaisian Plutonites
-679125.9065,4540877.836,298.13202,1,Tournaisian Plutonites
-679415.673,4541216.483,280.096,1,Tournaisian Plutonites
-679820.8059,4541520.82,297.664,1,Tournaisian Plutonites
-680363.6758,4541713.556,311.23502,1,Tournaisian Plutonites
-680771.9688,4541959.92,313.33725,1,Tournaisian Plutonites
-681250.8339,4542074.947,313.23303,1,Tournaisian Plutonites
-681666.4128,4542340.297,297.812,1,Tournaisian Plutonites
-682076.6802,4542619.329,283.224,1,Tournaisian Plutonites
-682550.1897,4542727.382,298.734,1,Tournaisian Plutonites
-683027.1706,4542864.436,278.639,1,Tournaisian Plutonites
-678186.0866,4540705.935,267.85602,1,Tournaisian Plutonites
-678626.0852,4540672.297,287.67502,1,Tournaisian Plutonites
-684252.8051,4542390.958,326.29202,1,Tournaisian Plutonites
-684715.1257,4542424.11,290.372,1,Tournaisian Plutonites
-685193.2536,4542441.853,290.46002,1,Tournaisian Plutonites
-685648.526,4542596.562,304.94,1,Tournaisian Plutonites
-686137.1263,4542700.814,301.756,1,Tournaisian Plutonites
-686627.2338,4542616.751,338.02002,1,Tournaisian Plutonites
-687116.7686,4542541.38,349.89203,1,Tournaisian Plutonites
-687578.275,4542727.244,366.328,1,Tournaisian Plutonites
-688040.7593,4542854.035,376.40402,1,Tournaisian Plutonites
-688522.9408,4542913.133,376.604,1,Tournaisian Plutonites
-688990.6101,4543061.01,370.34802,1,Tournaisian Plutonites
-689296.9118,4543419.259,326.29202,1,Tournaisian Plutonites
-689557.1301,4543807.166,306.41602,1,Tournaisian Plutonites
-690457.4346,4544496.339,308.14,1,Tournaisian Plutonites
-690920.27,4544662.745,270.35202,1,Tournaisian Plutonites
-691381.5406,4544488.046,248.39601,1,Tournaisian Plutonites
-691856.0109,4544338.993,245.81801,1,Tournaisian Plutonites
-692282.5409,4544097.002,224.72601,1,Tournaisian Plutonites
-692495.639,4544476.016,306.41202,1,Tournaisian Plutonites
-692592.7106,4544955.252,375.7,1,Tournaisian Plutonites
-692421.1199,4545267.402,396.98,1,Tournaisian Plutonites
-693016.4464,4545376.678,340.10803,1,Tournaisian Plutonites
-693337.7577,4544993.586,277.099,1,Tournaisian Plutonites
-693680.2484,4544757.312,297.808,1,Tournaisian Plutonites
-694073.9522,4544959.459,359.95303,1,Tournaisian Plutonites
-694690.8757,4544973.015,276.56003,1,Tournaisian Plutonites
-695137.0713,4544847.114,219.69601,1,Tournaisian Plutonites
-679527.0385,4530506.985,126.68301,1,Tournaisian Plutonites
-681819.3856,4532536.419,120.732,1,Tournaisian Plutonites
-681857.4411,4533029.97,153.776,1,Tournaisian Plutonites
-681948.0227,4533521.204,225.47202,1,Tournaisian Plutonites
-682254.3841,4533905.699,234.43951,1,Tournaisian Plutonites
-682302.0509,4534391.085,253.699,1,Tournaisian Plutonites
-682198.0339,4534878.897,231.59601,1,Tournaisian Plutonites
-682126.4263,4535310.834,248.32802,1,Tournaisian Plutonites
-681759.3741,4535643.396,260.94177,1,Tournaisian Plutonites
-681490.5281,4535925.508,279.50702,1,Tournaisian Plutonites
-681204.0568,4536334.949,297.73703,1,Tournaisian Plutonites
-680895.7856,4536728.61,295.57602,1,Tournaisian Plutonites
-680585.1581,4537120.376,292.708,1,Tournaisian Plutonites
-680273.0985,4537510.487,291.62003,1,Tournaisian Plutonites
-679913.8375,4537461.523,282.715,1,Tournaisian Plutonites
-679619.0314,4537828.165,289.40903,1,Tournaisian Plutonites
-679248.6754,4538145.6,297.428,1,Tournaisian Plutonites
-678933.0669,4538454.459,300.5,1,Tournaisian Plutonites
-678589.9852,4538773.636,302.924,1,Tournaisian Plutonites
-678304.2789,4539121.658,266.087,1,Tournaisian Plutonites
-677837.5035,4539113.716,262.99377,1,Tournaisian Plutonites
-677980.1147,4531613.862,224.86401,1,Tournaisian Plutonites
-678479.1749,4531640.343,212.712,1,Tournaisian Plutonites
-678974.403,4531697.163,212.14401,1,Tournaisian Plutonites
-678743.175,4531331.401,178.31201,1,Tournaisian Plutonites
-678327.8262,4531067.882,197.63602,1,Tournaisian Plutonites
-677836.4755,4530995.547,233.12302,1,Tournaisian Plutonites
-677791.8209,4530361.601,88.840004,1,Tournaisian Plutonites
-682586.0604,4532615.767,85.61201,1,Tournaisian Plutonites
-682144.4707,4532387.212,86.29125,1,Tournaisian Plutonites
-685460.5126,4533566.185,160.68001,1,Tournaisian Plutonites
-684963.6241,4533611.013,147.98401,1,Tournaisian Plutonites
-684464.881,4533597.55,138.936,1,Tournaisian Plutonites
-695971.4679,4545025.076,228.49602,1,Tournaisian Plutonites
-696423.9058,4545209.969,307.838,1,Tournaisian Plutonites
-696798.7111,4545526.826,261.23203,1,Tournaisian Plutonites
-697243.16,4545660.63,244.408,1,Tournaisian Plutonites
-697726.9617,4545647.383,276.95203,1,Tournaisian Plutonites
-698145.6488,4545378.947,287.996,1,Tournaisian Plutonites
-698447.4149,4544982.422,321.256,1,Tournaisian Plutonites
-698807.3828,4544642.781,332.032,1,Tournaisian Plutonites
-699275.8269,4544496.033,300.97202,1,Tournaisian Plutonites
-699746.1687,4544640.048,320.944,1,Tournaisian Plutonites
-700214.0625,4544800.384,329.21002,1,Tournaisian Plutonites
-700514.7152,4545136.593,339.144,1,Tournaisian Plutonites
-700061.5533,4545274.743,346.72403,1,Tournaisian Plutonites
-700469.227,4545513.144,396.68802,51,Upper Carboniferous Volcanics
-700955.0689,4545608.185,392.92102,1,Tournaisian Plutonites
-701448.6114,4545598.371,422.79602,1,Tournaisian Plutonites
-701944.628,4545580.932,422.56003,1,Tournaisian Plutonites
-702243.0291,4545888.964,419.05902,1,Tournaisian Plutonites
-702049.8952,4546343.416,387.94003,1,Tournaisian Plutonites
-701880.8109,4546755.406,401.35602,1,Tournaisian Plutonites
-701607.7994,4546999.182,342.75803,1,Tournaisian Plutonites
-701183.1051,4547212.866,333.07602,1,Tournaisian Plutonites
-700766.5587,4547325.82,266.092,1,Tournaisian Plutonites
-701652.2196,4547530.977,288.18002,1,Tournaisian Plutonites
-702086.3469,4547617.296,304.573,1,Tournaisian Plutonites
-702415.7184,4547964.621,313.45303,1,Tournaisian Plutonites
-702767.0162,4548027.092,330.532,1,Tournaisian Plutonites
-702384.551,4548338.36,338.83603,51,Upper Carboniferous Volcanics
-701896.0713,4548441.227,339.104,51,Upper Carboniferous Volcanics
-701542.5995,4548456.52,361.45,51,Upper Carboniferous Volcanics
-701111.8401,4548706.013,372.01202,51,Upper Carboniferous Volcanics
-700714.5147,4548897.284,399.153,51,Upper Carboniferous Volcanics
-700299.1285,4548934.65,338.11526,51,Upper Carboniferous Volcanics
-699803.3061,4548936.633,304.31,51,Upper Carboniferous Volcanics
-699323.0523,4549057.61,240.25201,51,Upper Carboniferous Volcanics
-698893.8322,4549231.973,212.33601,51,Upper Carboniferous Volcanics
-695773.2444,4543356.708,178.59201,1,Tournaisian Plutonites
-695279.1044,4543351.091,215.22401,1,Tournaisian Plutonites
-694815.0809,4543372.559,187.81201,1,Tournaisian Plutonites
-692260.0452,4530244.574,202.524,51,Upper Carboniferous Volcanics
-692880.9017,4530673.877,210.88,51,Upper Carboniferous Volcanics
-693101.5195,4530936.713,207.01102,51,Upper Carboniferous Volcanics
-696361.4679,4529152.945,319.048,1,Tournaisian Plutonites
-696742.8661,4529242.717,300.95502,1,Tournaisian Plutonites
-697104.9368,4529241.518,295.38403,1,Tournaisian Plutonites
-696661.3903,4529686.898,268.288,51,Upper Carboniferous Volcanics
-696227.7785,4529933.876,255.98001,51,Upper Carboniferous Volcanics
-695849.0412,4530127.275,248.668,51,Upper Carboniferous Volcanics
-695387.102,4530315.049,241.18802,51,Upper Carboniferous Volcanics
-694921.5745,4530496.403,231.98401,51,Upper Carboniferous Volcanics
-698830.9828,4528912.425,289.13602,51,Upper Carboniferous Volcanics
-697537.7585,4529085.514,302.23602,1,Tournaisian Plutonites
-704264.9469,4548075.133,446.704,76,Mid Carboniferous Shales
-703766.3733,4548056.667,393.048,51,Upper Carboniferous Volcanics
-703268.0043,4548016.365,340.196,51,Upper Carboniferous Volcanics
-700670.622,4529743.336,359.34702,67,Visean Shales
-701138.3779,4529591.339,384.89603,67,Visean Shales
-692643.7334,4543228.151,224.25201,40,Upper Devonian Siliciclastics
-693111.9368,4543052.693,211.58002,40,Upper Devonian Siliciclastics
-697741.5092,4530624.675,357.42,67,Visean Shales
-705318.4635,4530909.656,309.66,67,Visean Shales
-705536.3713,4549001.729,330.828,76,Mid Carboniferous Shales
-705193.0995,4548665.209,359.27603,76,Mid Carboniferous Shales
-704809.3305,4548347.578,396.62802,76,Mid Carboniferous Shales
-705757.1859,4537419.343,338.03802,51,Upper Carboniferous Volcanics
-692224.7776,4543215.702,187.12001,40,Upper Devonian Siliciclastics
-683954.8488,4542551.91,299.53003,1,Tournaisian Plutonites
-683592.2066,4542686.573,271.092,1,Tournaisian Plutonites
-683247.1037,4542470.552,264.328,1,Tournaisian Plutonites
-696219.2925,4528811.757,323.63602,1,Tournaisian Plutonites
-696718.9955,4528794.526,310.28802,1,Tournaisian Plutonites
-697218.6985,4528777.296,294.09003,1,Tournaisian Plutonites
-704388.0,4548761.0,424.0,1,Upper Carboniferous Volcanics
-702784.0,4548667.0,417.0,2,Upper Carboniferous Volcanics
-701587.0,4548986.0,415.0,3,Upper Carboniferous Volcanics
-700196.0,4549062.0,368.0,4,Upper Carboniferous Volcanics
-705633.0,4529553.0,309.0,5,Upper Carboniferous Volcanics
-703786.0,4530306.0,372.0,6,Upper Carboniferous Volcanics
-701928.0,4529213.0,299.0,7,Upper Carboniferous Volcanics
-699932.0,4530083.0,399.0,8,Upper Carboniferous Volcanics
-697469.0,4530115.0,337.0,9,Upper Carboniferous Volcanics
-695144.0,4530816.0,254.0,10,Upper Carboniferous Volcanics
