X,Y,Z,formation,formation_id
-681808.2956256447,4532836.547517677,155.44547,Tournaisian Plutonites,34
-681916.1595038438,4533324.279975489,178.81873,Tournaisian Plutonites,34
-682120.166260788,4533759.018341879,254.36737,Tournaisian Plutonites,34
-682313.9925236208,4534192.75042901,252.39221,Tournaisian Plutonites,34
-682232.2884822724,4534683.221032276,225.99371,Tournaisian Plutonites,34
-682230.1268280911,4535166.828633725,246.30695,Tournaisian Plutonites,34
-681914.3788084441,4535524.152114956,272.74066,Tournaisian Plutonites,34
-681581.7246979426,4535897.436514263,289.99158,Tournaisian Plutonites,34
-681252.2637226551,4536273.389371424,304.29324,Tournaisian Plutonites,34
-680943.9925410205,4536667.05023889,305.15018,Tournaisian Plutonites,34
-680634.9363659075,4537060.0798908565,291.7761,Tournaisian Plutonites,34
-680316.6169156305,4537445.66091681,288.3944,Tournaisian Plutonites,34
-679984.982416474,4537430.699948565,289.20676,Tournaisian Plutonites,34
-679687.7491560185,4537797.619074119,299.34436,Tournaisian Plutonites,34
-679317.792643883,4538113.154267106,294.68558,Tournaisian Plutonites,34
-679008.4831138245,4538445.2406121995,297.30426,Tournaisian Plutonites,34
-678652.8593214273,4538733.651312679,280.07236,Tournaisian Plutonites,34
-678367.6067607914,4539087.617740538,268.95956,Tournaisian Plutonites,34
-677891.9911932799,4539132.61224781,270.1696,Tournaisian Plutonites,34
-677823.4168834537,4538685.298513633,294.13882,Tournaisian Plutonites,34
-677806.9854725249,4538185.5685778335,309.39758,Tournaisian Plutonites,34
-677790.554061596,4537685.838642033,314.94345,Tournaisian Plutonites,34
-677774.1226506672,4537186.108706232,331.49652,Tournaisian Plutonites,34
-677757.6912397384,4536686.378770432,349.46045,Tournaisian Plutonites,34
-677741.2598288095,4536186.648834632,342.57,Tournaisian Plutonites,34
-677724.8284178807,4535686.918898832,316.9328,Tournaisian Plutonites,34
-677708.3970069519,4535187.188963031,305.9994,Tournaisian Plutonites,34
-677691.965596023,4534687.459027232,281.0648,Tournaisian Plutonites,34
-677675.5341850942,4534187.729091431,281.23483,Tournaisian Plutonites,34
-677659.1027741653,4533687.999155631,265.87094,Tournaisian Plutonites,34
-677642.6713632364,4533188.269219831,270.57828,Tournaisian Plutonites,34
-677626.2399523075,4532688.539284031,245.37589,Tournaisian Plutonites,34
-677609.8085413787,4532188.80934823,235.987,Tournaisian Plutonites,34
-677593.3771304499,4531689.0794124305,206.93558,Tournaisian Plutonites,34
-677576.945719521,4531189.34947663,206.9958,Tournaisian Plutonites,34
-677560.5143085922,4530689.61954083,115.02179,Tournaisian Plutonites,34
-677821.5669829318,4530355.259593928,82.17607,Tournaisian Plutonites,34
-678310.432955041,4530460.188433213,98.80907,Tournaisian Plutonites,34
-678775.9306537135,4530635.278708431,84.49688,Tournaisian Plutonites,34
-679267.2075741428,4530589.380675435,116.437325,Tournaisian Plutonites,34
-679740.2806312216,4530446.431527017,165.26967,Tournaisian Plutonites,34
-680209.8604028682,4530594.710792087,94.31598,Tournaisian Plutonites,34
-680673.9416870836,4530595.72957092,120.37246,Tournaisian Plutonites,34
-681130.8209134217,4530711.704958617,130.26816,Tournaisian Plutonites,34
-681605.1837904899,4530839.994300263,203.40546,Tournaisian Plutonites,34
-682031.9045423922,4530895.646606363,195.11446,Tournaisian Plutonites,34
-682470.7718606836,4531117.470505218,243.62695,Tournaisian Plutonites,34
-682951.072074194,4531142.372704505,249.31567,Tournaisian Plutonites,34
-683444.1439715768,4531107.771724039,256.849,Tournaisian Plutonites,34
-683879.6103271636,4531214.002276734,225.94244,Tournaisian Plutonites,34
-684326.2768701154,4531075.6494060885,214.93555,Tournaisian Plutonites,34
-684775.1384670257,4531042.58610196,235.70065,Tournaisian Plutonites,34
-685213.9209773553,4531233.277280632,261.5336,Tournaisian Plutonites,34
-685658.848421941,4531416.892721014,195.71376,Tournaisian Plutonites,34
-686076.9997508707,4531626.314389875,176.84824,Tournaisian Plutonites,34
-686427.9582701639,4531982.178206465,166.96367,Tournaisian Plutonites,34
-686366.3914472108,4532418.529061718,170.17528,Tournaisian Plutonites,34
-686087.6599156398,4532832.629025883,194.23607,Tournaisian Plutonites,34
-685801.1242678362,4533242.381783699,226.30276,Tournaisian Plutonites,34
-685436.129397332,4533568.1530741975,173.71188,Tournaisian Plutonites,34
-684938.9619971296,4533611.847619102,171.76137,Tournaisian Plutonites,34
-684440.2174155822,4533596.761513835,162.21892,Tournaisian Plutonites,34
-683966.596983032,4533463.949512441,119.9271,Tournaisian Plutonites,34
-683533.4527664443,4533218.222591286,139.967,Tournaisian Plutonites,34
-683102.1369195117,4532965.30632019,115.3731,Tournaisian Plutonites,34
-682670.8210725791,4532712.390049094,114.926544,Tournaisian Plutonites,34
-682234.2106335072,4532502.126595647,106.420845,Tournaisian Plutonites,34
-681820.7679183129,4532347.252806747,102.69286,Tournaisian Plutonites,34
-707528.5212514338,4548932.677541251,294.18378,Tournaisian Plutonites,34
-707028.9693474048,4548953.84107548,326.90652,Tournaisian Plutonites,34
-706529.4174433758,4548975.004609708,329.58054,Tournaisian Plutonites,34
-706029.8655393468,4548996.168143936,371.87292,Tournaisian Plutonites,34
-705530.3136353178,4549017.331678164,340.41928,Tournaisian Plutonites,34
-705030.761731289,4549038.495212393,372.82172,Tournaisian Plutonites,34
-704531.20982726,4549059.658746622,424.51126,Tournaisian Plutonites,34
-704370.9938777733,4548737.373880933,420.18167,Tournaisian Plutonites,34
-704513.2329683321,4548321.493128456,397.74228,Tournaisian Plutonites,34
-704966.8232777603,4548111.122428993,387.52893,Tournaisian Plutonites,34
-704933.6837368223,4547652.430652599,400.7785,Tournaisian Plutonites,34
-704769.1573423708,4547199.712377772,478.24716,Tournaisian Plutonites,34
-704575.1366075154,4546830.668914786,475.30203,Tournaisian Plutonites,34
-704213.5662215193,4546680.541391142,471.44705,Tournaisian Plutonites,34
-704084.7233414043,4546200.247349531,447.57166,Tournaisian Plutonites,34
-704325.5112324699,4545831.540255084,430.6394,Tournaisian Plutonites,34
-704101.2429887162,4545543.505017637,410.5211,Tournaisian Plutonites,34
-703638.6080910435,4545368.283856004,404.20258,Tournaisian Plutonites,34
-703280.5222820612,4545175.367057186,385.5806,Tournaisian Plutonites,34
-703047.2166658995,4544981.745744385,385.5806,Tournaisian Plutonites,34
-702938.3755155628,4544547.354280216,378.00983,Tournaisian Plutonites,34
-702676.4895188886,4544121.581000959,383.52786,Tournaisian Plutonites,34
-702427.5458279543,4543689.75866881,375.56723,Tournaisian Plutonites,34
-702406.5199539755,4543260.926075173,404.4203,Tournaisian Plutonites,34
-702379.7269341901,4542772.766557301,385.50977,Tournaisian Plutonites,34
-702134.2463734612,4542400.06298261,375.1468,Tournaisian Plutonites,34
-701677.0525124767,4542546.109261982,363.88184,Tournaisian Plutonites,34
-701349.9587138317,4542916.005371062,371.07626,Tournaisian Plutonites,34
-701094.3883609037,4543343.814671381,354.10638,Tournaisian Plutonites,34
-700969.7411562522,4543825.948474868,361.23563,Tournaisian Plutonites,34
-700816.6455785364,4544251.619219322,334.65475,Tournaisian Plutonites,34
-700334.6340190741,4544208.163848023,281.02084,Tournaisian Plutonites,34
-699931.0546906253,4544287.887199657,301.6584,Tournaisian Plutonites,34
-699434.3947968463,4544256.216793221,289.52258,Tournaisian Plutonites,34
-698944.2420161786,4544165.360676043,257.03513,Tournaisian Plutonites,34
-698468.6019385665,4544038.303014704,247.37758,Tournaisian Plutonites,34
-698016.772310382,4543841.531683619,212.39911,Tournaisian Plutonites,34
-697522.4190329742,4543773.538061166,213.98872,Tournaisian Plutonites,34
-697044.4257989047,4543644.923449995,237.02701,Tournaisian Plutonites,34
-696572.9345765312,4543484.019813672,198.6481,Tournaisian Plutonites,34
-696076.5818863362,4543434.169799603,176.84023,Tournaisian Plutonites,34
-695576.7530517308,4543421.087900009,207.85757,Tournaisian Plutonites,34
-695076.9242171253,4543408.0060004145,208.73534,Tournaisian Plutonites,34
-694577.0953825199,4543394.92410082,203.39973,Tournaisian Plutonites,34
-694093.998581881,4543355.912141286,191.38074,Tournaisian Plutonites,34
-693975.3500830577,4542989.614634889,174.22379,Tournaisian Plutonites,34
-694095.2394464012,4542581.293397305,166.1534,Tournaisian Plutonites,34
-693691.7399290602,4542305.630282354,171.04105,Tournaisian Plutonites,34
-693233.4591396527,4542320.305559419,183.70256,Tournaisian Plutonites,34
-692843.1963931244,4542211.336229895,240.51727,Tournaisian Plutonites,34
-692516.3455892352,4541832.960025573,251.92142,Tournaisian Plutonites,34
-692182.4509912122,4541460.823914801,223.68842,Tournaisian Plutonites,34
-691778.3931810051,4541249.679732081,219.58577,Tournaisian Plutonites,34
-691366.3412382463,4541300.752157105,301.00513,Tournaisian Plutonites,34
-690870.8419101116,4541244.604985681,289.38028,Tournaisian Plutonites,34
-690389.5292042233,4541158.134081453,335.42798,Tournaisian Plutonites,34
-689917.0498566764,4541012.244926944,336.81168,Tournaisian Plutonites,34
-689548.9165884788,4540681.501373708,308.49124,Tournaisian Plutonites,34
-689088.0501810475,4540591.462525674,287.8233,Tournaisian Plutonites,34
-688593.2153923298,4540551.193269606,319.52814,Tournaisian Plutonites,34
-688104.1071081758,4540526.868357783,328.91147,Tournaisian Plutonites,34
-687713.245735279,4540816.440738818,336.6741,Tournaisian Plutonites,34
-687297.659498638,4541065.449441236,330.89404,Tournaisian Plutonites,34
-686818.4639874712,4541191.345208534,333.53003,Tournaisian Plutonites,34
-686489.1564955123,4540908.587077128,357.2599,Tournaisian Plutonites,34
-686538.5492195615,4540434.9992798595,354.9754,Tournaisian Plutonites,34
-686630.8184192159,4539962.748357058,372.62024,Tournaisian Plutonites,34
-686517.0094056462,4539476.424972331,372.10278,Tournaisian Plutonites,34
-686424.9863145115,4538988.434988992,360.20392,Tournaisian Plutonites,34
-686096.1342756023,4538638.872494125,321.78534,Tournaisian Plutonites,34
-685857.2275107271,4538227.399685053,303.05017,Tournaisian Plutonites,34
-686169.7326279904,4537889.679858657,321.76767,Tournaisian Plutonites,34
-686666.5274053786,4537895.180906332,326.96753,Tournaisian Plutonites,34
-687102.9229142279,4537735.650107307,320.5364,Tournaisian Plutonites,34
-687550.2563251567,4537951.49789603,307.4464,Tournaisian Plutonites,34
-688032.4047402432,4537863.968375445,335.36887,Tournaisian Plutonites,34
-688510.4466709782,4537876.949602347,365.30426,Tournaisian Plutonites,34
-688923.0109399754,4538150.845703995,350.0973,Tournaisian Plutonites,34
-689365.6014519557,4538351.211598627,329.22113,Tournaisian Plutonites,34
-689800.3632135107,4538201.300487858,388.45755,Tournaisian Plutonites,34
-690021.5980675858,4537773.082927428,391.85303,Tournaisian Plutonites,34
-690320.7740893336,4537406.7174318675,282.56674,Tournaisian Plutonites,34
-690720.50534574,4537128.883698688,192.07452,Tournaisian Plutonites,34
-691134.3980735964,4537403.874622372,175.8248,Tournaisian Plutonites,34
-691492.3802781326,4537748.927912316,204.51895,Tournaisian Plutonites,34
-691880.5459194484,4537995.0896129785,230.37788,Tournaisian Plutonites,34
-692375.0410707052,4538037.581097406,318.24777,Tournaisian Plutonites,34
-692814.9926541704,4538168.598329459,320.1716,Tournaisian Plutonites,34
-693272.1761609787,4538215.995829049,348.75034,Tournaisian Plutonites,34
-693732.3753836369,4538155.137039664,361.7522,Tournaisian Plutonites,34
-694187.0558913795,4537960.561537942,341.31683,Tournaisian Plutonites,34
-694633.456183699,4537743.018534487,358.66043,Tournaisian Plutonites,34
-695046.9231064097,4537470.6946973195,331.7472,Tournaisian Plutonites,34
-695341.6542989524,4537254.61511812,323.12646,Tournaisian Plutonites,34
-695592.7585650996,4536829.43446241,346.71826,Tournaisian Plutonites,34
-695649.5249378178,4536407.446839382,327.43857,Tournaisian Plutonites,34
-695330.2295710351,4536086.197325415,310.5837,Tournaisian Plutonites,34
-694868.8445243522,4535976.682060479,306.0756,Tournaisian Plutonites,34
-694505.5130141198,4535674.395584728,307.0586,Tournaisian Plutonites,34
-694186.3010547449,4535497.217699931,308.33298,Tournaisian Plutonites,34
-693899.6795533779,4535253.877043829,298.23892,Tournaisian Plutonites,34
-693554.0918866917,4535088.735454731,282.2454,Tournaisian Plutonites,34
-693084.3552103962,4535169.986600281,284.7426,Tournaisian Plutonites,34
-692762.5384060672,4535020.864018798,320.9613,Tournaisian Plutonites,34
-692457.9058900117,4534624.380689815,345.96033,Tournaisian Plutonites,34
-692164.4128756154,4534219.873064426,341.72977,Tournaisian Plutonites,34
-691876.9917787496,4533811.014881665,344.17615,Tournaisian Plutonites,34
-691467.4969230345,4533917.529719317,326.77707,Tournaisian Plutonites,34
-691147.5509635143,4533664.004549,308.75574,Tournaisian Plutonites,34
-691134.3552002134,4533172.587904493,310.18185,Tournaisian Plutonites,34
-691020.9308915471,4532944.068803438,218.64784,Tournaisian Plutonites,34
-690550.9595672438,4532881.272871456,184.59663,Tournaisian Plutonites,34
-690999.1139467057,4532666.3113012,239.75885,Tournaisian Plutonites,34
-691448.3168118513,4532448.602237199,294.74753,Tournaisian Plutonites,34
-691920.1522782451,4532306.3064698195,286.94916,Tournaisian Plutonites,34
-692351.8907819226,4532063.444006896,261.6948,Tournaisian Plutonites,34
-692244.0494615238,4531625.095405856,282.6907,Tournaisian Plutonites,34
-691800.0664514289,4531503.095435494,309.89606,Tournaisian Plutonites,34
-691307.0533587985,4531443.841161933,315.00436,Tournaisian Plutonites,34
-690847.8201214926,4531248.585915385,307.18945,Tournaisian Plutonites,34
-690379.0355763892,4531076.508326629,310.64343,Tournaisian Plutonites,34
-689881.6884633368,4531050.0332530495,315.69254,Tournaisian Plutonites,34
-689432.9711877812,4530834.357746715,319.17435,Tournaisian Plutonites,34
-688991.6198443403,4530604.427941506,298.18365,Tournaisian Plutonites,34
-688663.8191193214,4530234.2275480945,291.89297,Tournaisian Plutonites,34
-688177.3853806503,4530203.0441895,293.8836,Tournaisian Plutonites,34
-687704.2059492952,4530090.299110718,303.1817,Tournaisian Plutonites,34
-687211.6358792632,4530015.867094007,314.80365,Tournaisian Plutonites,34
-686720.5235240839,4529930.278291193,328.3285,Tournaisian Plutonites,34
-686223.08266589,4529886.779938771,337.09256,Tournaisian Plutonites,34
-685748.2841526858,4529764.795596469,339.36072,Tournaisian Plutonites,34
-685263.935297629,4529784.756085449,291.9967,Tournaisian Plutonites,34
-684779.6469046302,4529895.5042371135,248.6064,Tournaisian Plutonites,34
-684392.0798291486,4529790.797178591,221.31444,Tournaisian Plutonites,34
-684076.3606035113,4529403.349837182,301.26965,Tournaisian Plutonites,34
-684215.8946721219,4529225.186880946,301.26965,Tournaisian Plutonites,34
-684715.5687996752,4529207.137885025,326.87198,Tournaisian Plutonites,34
-685215.2429272286,4529189.088889103,324.92178,Tournaisian Plutonites,34
-685714.9170547819,4529171.039893181,350.67932,Tournaisian Plutonites,34
-686214.5911823353,4529152.99089726,337.1683,Tournaisian Plutonites,34
-686714.2653098886,4529134.941901338,336.59647,Tournaisian Plutonites,34
-687213.939437442,4529116.892905417,317.3646,Tournaisian Plutonites,34
-687713.6135649954,4529098.843909495,283.82025,Tournaisian Plutonites,34
-688213.2876925488,4529080.794913573,274.76505,Tournaisian Plutonites,34
-688712.9618201022,4529062.745917652,245.22777,Tournaisian Plutonites,34
-689212.6359476555,4529044.69692173,228.32942,Tournaisian Plutonites,34
-689712.3100752089,4529026.647925808,215.45517,Tournaisian Plutonites,34
-690211.9842027623,4529008.598929887,212.26881,Tournaisian Plutonites,34
-690711.6583303156,4528990.549933965,216.24416,Tournaisian Plutonites,34
-691211.332457869,4528972.500938043,199.25394,Tournaisian Plutonites,34
-691711.0065854223,4528954.451942122,225.36621,Tournaisian Plutonites,34
-692210.6807129757,4528936.4029462,236.00815,Tournaisian Plutonites,34
-692710.354840529,4528918.353950279,236.70058,Tournaisian Plutonites,34
-693210.0289680825,4528900.3049543565,243.5738,Tournaisian Plutonites,34
-693709.7030956359,4528882.255958435,268.7188,Tournaisian Plutonites,34
-694209.3772231892,4528864.206962514,304.91754,Tournaisian Plutonites,34
-694709.0513507426,4528846.157966592,298.06357,Tournaisian Plutonites,34
-695208.7254782959,4528828.10897067,306.39108,Tournaisian Plutonites,34
-695708.3996058493,4528810.059974749,292.63235,Tournaisian Plutonites,34
-696208.0737334026,4528792.010978827,307.95706,Tournaisian Plutonites,34
-696707.747860956,4528773.961982905,298.927,Tournaisian Plutonites,34
-697207.4219885094,4528755.912986984,289.99014,Tournaisian Plutonites,34
-697707.0961160628,4528737.863991062,293.21008,Tournaisian Plutonites,34
-698206.7702436162,4528719.814995141,279.43988,Tournaisian Plutonites,34
-698706.4443711695,4528701.765999218,271.07684,Tournaisian Plutonites,34
-699206.1184987229,4528683.717003297,275.64438,Tournaisian Plutonites,34
-699705.7926262763,4528665.668007376,287.6143,Tournaisian Plutonites,34
-700205.4667538296,4528647.619011454,296.46484,Tournaisian Plutonites,34
-700705.140881383,4528629.570015532,319.54794,Tournaisian Plutonites,34
-701204.8150089363,4528611.521019611,330.31778,Tournaisian Plutonites,34
-701704.4891364897,4528593.472023689,326.087,Tournaisian Plutonites,34
-702204.1632640432,4528575.423027767,308.5752,Tournaisian Plutonites,34
-702703.8373915965,4528557.3740318455,281.5917,Tournaisian Plutonites,34
-703203.5115191499,4528539.325035924,277.81613,Tournaisian Plutonites,34
-703703.1856467032,4528521.276040003,258.91342,Tournaisian Plutonites,34
-704202.8597742566,4528503.22704408,241.90907,Tournaisian Plutonites,34
-704702.53390181,4528485.178048159,253.48569,Tournaisian Plutonites,34
-705202.2080293633,4528467.129052238,267.40494,Tournaisian Plutonites,34
-705701.8821569167,4528449.080056316,277.54224,Tournaisian Plutonites,34
-706201.55628447,4528431.031060394,297.53973,Tournaisian Plutonites,34
-706701.2304120234,4528412.9820644725,300.47766,Tournaisian Plutonites,34
-706799.0577316481,4528826.967608809,252.75388,Tournaisian Plutonites,34
-706817.1865091054,4529326.638848153,279.14304,Tournaisian Plutonites,34
-706835.3152865628,4529826.310087496,299.16074,Tournaisian Plutonites,34
-706853.4440640202,4530325.981326841,287.3019,Tournaisian Plutonites,34
-706871.5728414776,4530825.652566185,303.35938,Tournaisian Plutonites,34
-706889.701618935,4531325.32380553,322.57138,Tournaisian Plutonites,34
-706907.8303963923,4531824.995044874,326.71423,Tournaisian Plutonites,34
-706925.9591738497,4532324.666284218,335.19174,Tournaisian Plutonites,34
-706944.0879513071,4532824.337523563,357.08478,Tournaisian Plutonites,34
-706962.2167287645,4533324.008762907,392.34546,Tournaisian Plutonites,34
-706980.3455062218,4533823.680002252,453.9148,Tournaisian Plutonites,34
-706998.4742836792,4534323.351241596,462.1512,Tournaisian Plutonites,34
-707016.6030611366,4534823.02248094,417.2756,Tournaisian Plutonites,34
-707034.731838594,4535322.693720285,387.09137,Tournaisian Plutonites,34
-707052.8606160514,4535822.364959629,371.49173,Tournaisian Plutonites,34
-707070.9893935086,4536322.036198973,385.38766,Tournaisian Plutonites,34
-707089.118170966,4536821.707438317,379.69638,Tournaisian Plutonites,34
-707107.2469484234,4537321.3786776615,358.33792,Tournaisian Plutonites,34
-707125.3757258808,4537821.049917006,400.24197,Tournaisian Plutonites,34
-707143.5045033381,4538320.72115635,423.3417,Tournaisian Plutonites,34
-707161.6332807955,4538820.392395695,441.50934,Tournaisian Plutonites,34
-707179.7620582529,4539320.063635039,430.138,Tournaisian Plutonites,34
-707197.8908357103,4539819.734874384,383.00717,Tournaisian Plutonites,34
-707216.0196131677,4540319.406113728,336.64325,Tournaisian Plutonites,34
-707234.148390625,4540819.077353072,344.59515,Tournaisian Plutonites,34
-707252.2771680824,4541318.748592417,249.95882,Tournaisian Plutonites,34
-707270.4059455398,4541818.419831761,248.97284,Tournaisian Plutonites,34
-707288.5347229972,4542318.091071106,247.01949,Tournaisian Plutonites,34
-707306.6635004545,4542817.76231045,239.70357,Tournaisian Plutonites,34
-707324.7922779119,4543317.433549793,221.1967,Tournaisian Plutonites,34
-707342.9210553693,4543817.104789138,214.21095,Tournaisian Plutonites,34
-707361.0498328267,4544316.776028482,428.58575,Tournaisian Plutonites,34
-707379.1786102841,4544816.447267827,449.31213,Tournaisian Plutonites,34
-707397.3073877414,4545316.118507171,457.0282,Tournaisian Plutonites,34
-707415.4361651988,4545815.789746515,468.5545,Tournaisian Plutonites,34
-707433.5649426562,4546315.46098586,438.57544,Tournaisian Plutonites,34
-707451.6937201136,4546815.132225204,418.94696,Tournaisian Plutonites,34
-707469.8224975709,4547314.803464549,392.2864,Tournaisian Plutonites,34
-707487.9512750283,4547814.474703893,383.12302,Tournaisian Plutonites,34
-707506.0800524857,4548314.1459432375,369.64468,Tournaisian Plutonites,34
-707524.2088299431,4548813.817182582,324.6841,Tournaisian Plutonites,34
-701540.4724591342,4548195.8212023545,317.9968,Tournaisian Plutonites,34
-701236.4340202399,4548592.760275356,383.86447,Tournaisian Plutonites,34
-700932.3955813457,4548989.699348356,451.21942,Tournaisian Plutonites,34
-700521.8474015129,4549179.940431065,381.90454,Tournaisian Plutonites,34
-700022.1440973877,4549197.162737715,401.68692,Tournaisian Plutonites,34
-699522.4407932626,4549214.385044365,292.34018,Tournaisian Plutonites,34
-699022.7374891373,4549231.607351015,251.87701,Tournaisian Plutonites,34
-698523.0341850121,4549248.8296576645,206.77975,Tournaisian Plutonites,34
-698023.3308808869,4549266.051964315,202.82939,Tournaisian Plutonites,34
-697523.6275767616,4549283.274270965,209.57773,Tournaisian Plutonites,34
-697023.9242726364,4549300.496577615,208.49117,Tournaisian Plutonites,34
-696524.2209685113,4549317.718884265,304.95114,Tournaisian Plutonites,34
-696024.5176643861,4549334.941190915,343.06195,Tournaisian Plutonites,34
-695524.8143602608,4549352.163497565,356.57233,Tournaisian Plutonites,34
-695025.1110561356,4549369.385804215,336.26352,Tournaisian Plutonites,34
-694525.4077520104,4549386.608110865,314.37955,Tournaisian Plutonites,34
-694025.7044478852,4549403.830417515,389.66013,Tournaisian Plutonites,34
-693526.0011437599,4549421.052724165,372.3014,Tournaisian Plutonites,34
-693026.2978396348,4549438.275030815,334.29425,Tournaisian Plutonites,34
-692526.5945355096,4549455.497337465,386.32758,Tournaisian Plutonites,34
-692026.8912313844,4549472.719644115,426.24884,Tournaisian Plutonites,34
-691527.1879272591,4549489.941950765,439.74954,Tournaisian Plutonites,34
-691027.4846231339,4549507.164257415,449.3262,Tournaisian Plutonites,34
-690527.7813190087,4549524.386564065,482.31863,Tournaisian Plutonites,34
-690028.0780148836,4549541.608870715,479.0692,Tournaisian Plutonites,34
-689528.3747107583,4549558.831177365,486.90054,Tournaisian Plutonites,34
-689028.6714066331,4549576.053484015,493.15015,Tournaisian Plutonites,34
-688528.9681025079,4549593.275790665,483.10516,Tournaisian Plutonites,34
-688029.2647983826,4549610.498097315,474.4345,Tournaisian Plutonites,34
-687529.5614942574,4549627.720403966,437.27383,Tournaisian Plutonites,34
-687029.8581901323,4549644.942710615,413.64392,Tournaisian Plutonites,34
-686530.1548860071,4549662.165017265,409.33517,Tournaisian Plutonites,34
-686030.4515818818,4549679.387323915,401.7485,Tournaisian Plutonites,34
-685530.7482777566,4549696.609630565,363.18045,Tournaisian Plutonites,34
-685031.0449736314,4549713.831937215,378.55164,Tournaisian Plutonites,34
-684531.3416695062,4549731.054243865,376.903,Tournaisian Plutonites,34
-684031.6383653809,4549748.276550516,323.06747,Tournaisian Plutonites,34
-683531.9350612558,4549765.498857165,343.66058,Tournaisian Plutonites,34
-683032.2317571306,4549782.721163815,322.20477,Tournaisian Plutonites,34
-682532.5284530054,4549799.943470465,326.6156,Tournaisian Plutonites,34
-682032.8251488801,4549817.165777115,347.43784,Tournaisian Plutonites,34
-681533.1218447549,4549834.388083765,383.99298,Tournaisian Plutonites,34
-681033.4185406297,4549851.610390415,387.95618,Tournaisian Plutonites,34
-680533.7152365046,4549868.832697066,406.7245,Tournaisian Plutonites,34
-680034.0119323793,4549886.055003716,444.71768,Tournaisian Plutonites,34
-679534.3086282541,4549903.277310365,446.34497,Tournaisian Plutonites,34
-679034.6053241289,4549920.499617015,455.57037,Tournaisian Plutonites,34
-678534.9020200036,4549937.721923665,475.59784,Tournaisian Plutonites,34
-678188.5748280545,4549790.87897793,484.63513,Tournaisian Plutonites,34
-678172.1434171257,4549291.14904213,487.71503,Tournaisian Plutonites,34
-678155.7120061968,4548791.41910633,497.56094,Tournaisian Plutonites,34
-678139.280595268,4548291.68917053,504.10666,Tournaisian Plutonites,34
-678122.8491843392,4547791.959234729,496.1788,Tournaisian Plutonites,34
-678106.4177734103,4547292.22929893,467.28317,Tournaisian Plutonites,34
-678089.9863624815,4546792.499363129,435.20612,Tournaisian Plutonites,34
-678073.5549515525,4546292.769427329,443.42752,Tournaisian Plutonites,34
-678057.1235406237,4545793.039491529,450.88974,Tournaisian Plutonites,34
-678040.6921296949,4545293.309555729,421.07886,Tournaisian Plutonites,34
-678024.260718766,4544793.579619928,385.39026,Tournaisian Plutonites,34
-678007.8293078372,4544293.849684129,364.42908,Tournaisian Plutonites,34
-677991.3978969083,4543794.119748328,350.13028,Tournaisian Plutonites,34
-677974.9664859795,4543294.389812528,354.7149,Tournaisian Plutonites,34
-677958.5350750507,4542794.6598767275,332.50903,Tournaisian Plutonites,34
-677942.1036641218,4542294.929940927,314.37308,Tournaisian Plutonites,34
-677925.672253193,4541795.200005127,303.4144,Tournaisian Plutonites,34
-677909.2408422641,4541295.470069326,291.46194,Tournaisian Plutonites,34
-677892.8094313352,4540795.740133527,279.94037,Tournaisian Plutonites,34
-678291.3269375965,4540573.110881937,276.41666,Tournaisian Plutonites,34
-678747.8991303821,4540369.292745416,278.3538,Tournaisian Plutonites,34
-679223.7435630533,4540392.98989169,280.13336,Tournaisian Plutonites,34
-679141.276883425,4540838.084036693,293.35907,Tournaisian Plutonites,34
-679398.7845413244,4541179.03093672,285.4314,Tournaisian Plutonites,34
-679775.886643833,4541464.33643215,292.48788,Tournaisian Plutonites,34
-680232.2919624514,4541588.254889455,312.97055,Tournaisian Plutonites,34
-680625.0080958506,4541879.377914218,315.34155,Tournaisian Plutonites,34
-681082.6514994658,4542001.487691023,309.20786,Tournaisian Plutonites,34
-681530.496825429,4542217.318749806,309.45248,Tournaisian Plutonites,34
-681914.4242023134,4542536.344345023,292.9445,Tournaisian Plutonites,34
-682368.9305072757,4542725.373427869,286.5748,Tournaisian Plutonites,34
-682856.8397375288,4542801.224019811,278.51004,Tournaisian Plutonites,34
-683248.507492896,4542685.934468356,268.08493,Tournaisian Plutonites,34
-683725.6535624606,4542703.0680706985,273.40417,Tournaisian Plutonites,34
-684103.4800374957,4542439.18849031,308.54407,Tournaisian Plutonites,34
-684560.7000790762,4542454.599818691,297.5928,Tournaisian Plutonites,34
-685042.0807249029,4542403.537688748,291.3847,Tournaisian Plutonites,34
-685493.7231449471,4542560.327221429,304.48688,Tournaisian Plutonites,34
-685981.2268013745,4542671.413606598,301.89938,Tournaisian Plutonites,34
-686472.6460961172,4542653.538448715,312.46002,Tournaisian Plutonites,34
-686958.5699741548,4542550.610041723,353.88705,Tournaisian Plutonites,34
-687435.9270881624,4542658.732124413,364.18634,Tournaisian Plutonites,34
-687902.245585143,4542780.948559813,372.04492,Tournaisian Plutonites,34
-688366.7321980451,4542913.861445747,367.6671,Tournaisian Plutonites,34
-688852.8814223441,4542987.053478107,374.51068,Tournaisian Plutonites,34
-689256.2926290517,4543272.278526108,323.79776,Tournaisian Plutonites,34
-689427.6585472061,4543726.960862858,307.41757,Tournaisian Plutonites,34
-689847.4180348583,4543959.086078729,277.0314,Tournaisian Plutonites,34
-690202.8287086613,4544286.818971219,297.04196,Tournaisian Plutonites,34
-690608.4083165346,4544554.114964032,295.2847,Tournaisian Plutonites,34
-691080.2347199667,4544637.347966998,266.22137,Tournaisian Plutonites,34
-691531.4395523706,4544428.866121757,251.33731,Tournaisian Plutonites,34
-692004.9036317124,4544272.795215822,263.30646,Tournaisian Plutonites,34
-692426.8480124671,4544154.118083677,262.22296,Tournaisian Plutonites,34
-692552.8844086876,4544628.541590973,355.74155,Tournaisian Plutonites,34
-692536.7519515286,4545109.528998375,396.5713,Tournaisian Plutonites,34
-692383.8313656927,4545393.148450066,402.43033,Tournaisian Plutonites,34
-692762.3892649624,4545494.966222242,363.52872,Tournaisian Plutonites,34
-693125.6460345335,4545243.290853061,339.71417,Tournaisian Plutonites,34
-693444.8155664359,4544858.4131972985,275.81125,Tournaisian Plutonites,34
-693848.0272881143,4544790.025171132,311.4803,Tournaisian Plutonites,34
-694062.2316676698,4545129.188645645,347.12747,Tournaisian Plutonites,34
-694381.480697077,4545068.891744991,308.27194,Tournaisian Plutonites,34
-694844.7095607304,4544889.212852322,234.28221,Tournaisian Plutonites,34
-695275.8119040997,4544946.48563749,196.05237,Tournaisian Plutonites,34
-695763.0679453039,4545005.452706138,215.96613,Tournaisian Plutonites,34
-696233.7926855376,4545132.124814157,261.7785,Tournaisian Plutonites,34
-696656.4907536939,4545371.483665681,298.20477,Tournaisian Plutonites,34
-697033.7014614508,4545672.482575959,255.76689,Tournaisian Plutonites,34
-697527.5871695856,4545702.460686252,276.6433,Tournaisian Plutonites,34
-697966.7122615557,4545487.6526326,316.31912,Tournaisian Plutonites,34
-698330.9900083167,4545157.119715975,329.0207,Tournaisian Plutonites,34
-698640.8851847993,4544766.83147757,338.00537,Tournaisian Plutonites,34
-699070.0352460558,4544519.139876182,303.6909,Tournaisian Plutonites,34
-699542.455821966,4544607.222286789,327.65378,Tournaisian Plutonites,34
-700017.0680339539,4544740.228626265,321.17328,Tournaisian Plutonites,34
-700412.1632466449,4544955.935375088,358.22003,Tournaisian Plutonites,34
-700262.2317097428,4545221.037878337,358.22003,Tournaisian Plutonites,34
-700189.0492273755,4545395.617284511,344.56274,Tournaisian Plutonites,34
-700673.4676369457,4545443.247587905,382.48727,Tournaisian Plutonites,34
-701105.830998482,4545627.718607242,410.32684,Tournaisian Plutonites,34
-701601.7463933725,4545584.784395094,429.51868,Tournaisian Plutonites,34
-702095.4442968024,4545597.979882747,421.39084,Tournaisian Plutonites,34
-702198.162297318,4546034.870524541,444.80847,Tournaisian Plutonites,34
-702073.9121757676,4546495.874440675,407.9366,Tournaisian Plutonites,34
-701808.1855664632,4546891.306975965,413.41086,Tournaisian Plutonites,34
-701480.1292324485,4547058.317247721,359.9444,Tournaisian Plutonites,34
-701032.0588663019,4547207.711204131,296.92847,Tournaisian Plutonites,34
-700862.6439222798,4547379.3405890865,291.9561,Tournaisian Plutonites,34
-701321.3829593016,4547550.940803842,296.00592,Tournaisian Plutonites,34
-701346.6685763412,4547858.160867937,296.00592,Tournaisian Plutonites,34
